{"cameraMode":{"drawMode":0,"name":"Shaded","section":"Shading Mode"},"sceneLighting":true,"audioPlay":false,"sceneViewState":{"m_AlwaysRefresh":false,"showFog":true,"showSkybox":true,"showFlares":true,"showImageEffects":true,"showParticleSystems":true,"showVisualEffectGraphs":true,"m_FxEnabled":true},"in2DMode":false,"pivot":{"x":380.4065856933594,"y":4.083448886871338,"z":252.3330535888672},"rotation":{"x":0.0036233062855899336,"y":-0.9850623607635498,"z":0.03834402188658714,"w":0.16986581683158875},"size":31.32476806640625,"orthographic":false}